{"cameraMode":{"drawMode":0,"name":"Shaded","section":"Shading Mode"},"sceneLighting":false,"audioPlay":false,"sceneViewState":{"showFog":true,"showMaterialUpdate":false,"showSkybox":true,"showFlares":true,"showImageEffects":true,"showParticleSystems":true},"in2DMode":false,"pivot":{"x":-1.7724659442901612,"y":0.918776273727417,"z":2.4304425716400148},"rotation":{"x":-0.3188183307647705,"y":0.3161091208457947,"z":-0.1137063279747963,"w":-0.8862848281860352},"size":3.1578848361968996,"orthographic":false}