{"cameraMode":{"drawMode":0,"name":"Shaded","section":"Shading Mode"},"sceneLighting":true,"audioPlay":false,"sceneViewState":{"showFog":true,"showMaterialUpdate":false,"showSkybox":true,"showFlares":true,"showImageEffects":true,"showParticleSystems":true},"in2DMode":false,"pivot":{"x":0.5867643356323242,"y":0.9980591535568237,"z":16.064716339111329},"rotation":{"x":-0.010079029947519303,"y":0.9332835674285889,"z":-0.3580317497253418,"w":-0.026333974674344064},"size":12.96889591217041,"orthographic":false}