{"cameraMode":{"drawMode":0,"name":"Shaded","section":"Shading Mode"},"sceneLighting":true,"audioPlay":false,"sceneViewState":{"showFog":true,"showMaterialUpdate":false,"showSkybox":true,"showFlares":true,"showImageEffects":true,"showParticleSystems":true},"in2DMode":false,"pivot":{"x":-0.06000000238418579,"y":0.7799999713897705,"z":-8.675000190734864},"rotation":{"x":-0.23891139030456544,"y":-0.24218882620334626,"z":0.06164620444178581,"w":-0.9383313655853272},"size":30.725852966308595,"orthographic":false}