{"cameraMode":{"drawMode":0,"name":"Shaded","section":"Shading Mode"},"sceneLighting":false,"audioPlay":false,"sceneViewState":{"showFog":true,"showMaterialUpdate":false,"showSkybox":true,"showFlares":true,"showImageEffects":true,"showParticleSystems":true},"in2DMode":false,"pivot":{"x":-2.7627620697021486,"y":-2.9960689544677736,"z":-3.469470977783203},"rotation":{"x":-0.30817505717277529,"y":0.6310703158378601,"z":-0.3015827238559723,"w":-0.6448459625244141},"size":23.334524154663087,"orthographic":false}